the_end_of_all,c7e3d3f5-1229-3bba-b51a-90996ed27039
dripz_,02ff39a3-3bb8-3d5a-ac73-c87e6a2b8997
im_the_goat1,caa24fd3-b109-380c-8f3c-364d8176a6e7
the_end_of_alo,77873682-c881-3be2-81ff-474fe89926e0
butttickler69,a0730dee-7312-39c0-83a5-3a8c19992484
duiwdfn_ds,e083de25-9540-37d1-bcf3-cfa31dcaf80c
joopy1,b0d05d28-f525-3115-ae29-24c8117a9e9e
moo,3baad925-f83a-3e08-8304-4c9ebd1eab62
redstonedealer,41fa5682-5152-30c7-ac96-a34d37e65d9b
joopy2,d929c902-aaa5-3446-b8a1-6670f07e5bac
why_uban_me,35c579b0-6fe6-373f-ab41-6e04c01a5b31
aydenwashere,88a3c8ab-e6a9-33eb-9c29-65b838e7a0dd
phillips_mother1,3c33865c-1280-3224-9e56-64226f6fb46f
jah,87cae22d-d86d-3ed1-9d9f-19ae0e80e02c
theend,03fbc720-1f81-3bb9-8d97-c3bcf2c37a0a
damn_man,eb0d4448-3b27-3c55-8bd4-7a477c3f1dda
zilla_money,75bcfd80-93b8-3bb3-92e9-cfac6ed1c5c9
justshock,b733569f-fdfa-319e-99b1-dfdca336082c
darkassassin,8670ab0d-5b5f-36ca-abaf-741d818926eb
weather,dbbc7208-1d78-39a6-a181-2085d9a303ce
999,94d16b90-4068-3820-a340-5c0abaa72e89
apens_trees,7decfb00-cda1-327f-85ca-566c748e7c94
gracie,4748264a-d491-3a7c-91ca-9ad276fd1b49
fortnitekit6814d,ba8d4a4a-fdaf-3ffe-aded-105bf0a8839d
stopabuseingpowe,b15a1f3b-9f5c-3116-bc31-d861d96feab3
yeeisheagl314,d033e264-bd8a-3e27-b25f-e8c39e29391c
michael22,7f6b75b8-a6e5-3a10-b31d-106486d67fd1
69696,56d17237-3467-3b41-adc3-0b925f9dd8d1
joopy123,ff0f9304-3300-3812-9056-7bb81430a5a9
jayjaylaray,ece34026-a37b-3bfa-9bf8-0075b5468749
im_the_goat,556388ff-8fd9-3124-be5e-aa6f46b4c3f8
error_404,323d62fa-2527-3249-81dd-01e3046f5c57
matt_____,4b3bb14f-2749-307c-b372-e3535476fd9f
fortnitekit6814,dfa81ab2-719f-3fe0-b8c1-aea151f3a31f
morpheus,9a8da29a-f769-3e0e-9c0e-6a9f247c06c5
moosh_,79a112fe-a388-3891-a0cd-7c13234a8c28
creative,04f6987b-675d-3f7f-9e2e-4ac9810dfb0e
niggersof,6f0ac9e6-c03a-38d8-8c3e-16bfc9b16129
ricegodasasasasa,8a2ba0fb-d18d-338b-8c67-a26a1ed035cd
01_boyfriend,a6adea44-e811-3710-8a09-f55aec8dda69
unve3fied,34af6617-d2b5-3bfe-8efc-9eddb72e5b11
unver3fied,36801ed9-9f33-38cb-8275-7b441efc2d51
teoa,8bc297fd-6eae-30f6-b50b-f92b2cf5f4b7
fuck_niggers,4f9c18fc-3a4f-32c2-b27c-081e236ea8c3
mr_notidk,209cbb3c-11af-375b-a012-7b9dab7279ca
you_fugly_nigger,e55a1ca2-e39e-369b-aef6-7f7afed974eb
matt____m,8feb9a99-4a2e-3289-b65d-a2b9782f9fe2
epiksonic10,97f0c577-0fd8-3b73-92a6-a4c42d824747
808,b8034e99-c5bc-38fe-adc4-7d0e14ccc720
zzillamoney,eb18cce0-9fd6-3356-b0f9-a495cbd2a284
jahsir,d8e163c9-d4a8-3d55-a5ab-e83b35e33fb1
_yuqiwuep_j_op_o,7506870e-1769-3039-bb7a-480bb1d726c6
creeperman,fd67c4c2-bf9f-3ef0-91c4-ddbee43646e5
9v3death,e7e0495a-f476-3da1-b0d2-997c2afeff82
joopy123operator,6cee739c-1f3f-3e34-9159-070256a72307
mosh,f956937f-e4c1-3d12-adcb-6453ae79e846
aiden_james_111_,72182b27-3776-3d28-9070-6897122d6ce5
creeper_aw_man,6798e232-9065-3374-9bb7-fadde27a699f
lol,920c79d8-a1ca-3c23-8b42-dadfe7a301f4
matt____,bdfe754b-71f4-32d9-bee2-c16374bc6405
bobmarley77,4068640c-88e9-3779-a442-978fd35be355
l__,09445744-11b6-33e2-8d51-59cd494382fb
yourabadadmin,7fbdb50f-1916-3d66-9c2a-f74547131268
justshockz,3033e2d9-0bac-30f7-ad5e-20eaeeba4249
viggyeeish385,90155a2a-b347-3803-9dce-086f66bf478b
funkym,730c7766-e497-384e-9ce5-a8b7ed24a200
mr_beast,4b0ab566-3fc5-3566-8ac7-27a51e14b7d1
dripz,01529b25-9244-35a0-a11e-ee429565d09a
opfire,1bdbc033-c37f-3df1-beef-e1f39a5c6c3f
demoi,d8fec528-739d-383f-8e24-d86762886ef4
ricegod,1a2d6bc6-61d9-31e1-851e-8d21b62ce6b6
spazgod690_,fbfeadad-1323-352e-9ee3-466bf3707719
joopy,8b458659-785c-31e5-9602-46ae5f67320d
unv3rfied,812d36ad-66aa-3178-acf8-981c40e05760
the_auto_banskul,500bab9f-9520-3e99-be53-879eb4d75cf4
demoi_,73e44c71-4aa1-30a3-a4fa-8bc66a746f3a
anty,96f4b278-577c-3856-86f3-d894d4d0a0b2
giganigga,eb1936d9-a999-31fb-8ab9-51f60db6c497
toea,0d0387ee-5b31-361f-a02d-51c3893ac839
_______________l,ab415617-265b-3f8c-9bcb-c393221d858d
agen,b0ed54da-8cac-37dd-a94a-353d620dfd80
nigger,1b03cef3-3bb0-3335-8575-75a992fee2b9
bob_marley_demoi,c096133e-bdfd-3044-97da-1e4e25530e02
opfire_,b700ba4f-7e55-314e-987d-f11d1f5bf2d4
696969,38eac311-8c64-380c-98db-ccdbecbd3720
yourdadlovesmehh,05d1dae8-d6a4-36d7-91a6-28986c49796c
aiden,6f189850-27e9-3603-8fec-2f39b1a4f0fd
powderdealer,e82ca28c-2be3-3533-bd84-e7e148c59fbf
darkknight,e72bf6a9-f099-3308-bc29-0dca06f8a8bb
joopy123456,1ea9775c-acf0-3fbb-91bc-9e06a00b7d83
micheal,f87f8de4-1cd0-3066-ac22-9e2604230dae
gigganigga,7b96af2e-739e-30ec-80a8-7d9ee3379d09
lebron_quote,f1e3eb8d-46ef-3443-82de-e76821a38dd9
guessimendofall,d8635874-6868-3849-9ad9-c3fbbc3381c6
___,3aa10d45-6372-352e-b9af-2eba497ed912
monkey_fucker69,d5f616a9-3a62-3dc6-ae98-b85544fe788d
unv3rifed,239a3216-f0b4-3225-94d2-56dc7b7b95c8
waltuhz,b018f663-e7fb-371d-b5db-b98cd8e30c39
weather_i_guessj,f7bca873-477c-3d3d-a10c-a39a42beb5ac
agent,a1d20ed0-5e1d-362c-8cad-defa64a09a5f
altimatum,2342bf87-e265-3d7b-a8aa-0cc062f5d865
giga_niga,14d97ded-9aa4-36f9-8201-cf38830bfa92
thegoofygriefer,d743c5dd-1b24-386d-bfff-4544ce6d3b61
theendofall11,ea3c59fc-9016-3a30-af9d-673f5bf96f3d
jamesbond,435f9180-32d7-33bc-93d4-af901211d4c4
juddywafle,80bf75b9-a4a8-3690-b3b9-4805486db9f0
unv3rified,9ecfea99-3f02-369e-b234-667425f899dd
joe_mama,49e24ec2-b86d-3cb8-98f3-4f04d4d2ec30
error_101,4810f94c-2426-3fbe-8425-b17ab66cadcd
guessimweather,d6789f68-1ac0-3a20-a034-70c5218171dc
darkknighta,69f3d5c2-0788-3874-b4ed-184e30145ae7
i_hate_niggers,f09fcd7a-2049-3346-93a7-44106622ab4f
guessimweather_,b31957c5-eada-3aa0-b0f7-9c7969098576
nigger_monkes,f71d59e2-2e24-3901-80ab-8185998df028
alex_alt,23c86781-89e1-335f-8778-89a80bbdedbf
weather_i_guess_,07539e9e-3a60-3a56-bb85-e6a1ff571681
phillis_mother1,b5594deb-7af6-3aa9-9442-2d35029e55c7
mr_not_idk,ad11fce6-a2cd-3959-9707-feb34e619921
rizzler,48726902-3019-3f1a-add9-00bdaf15dde4
giga_nigae,f0f70af7-6f10-3390-9a5a-97a1be132d61
groxgaming,5aea559b-f9cb-312b-9d74-26b24d22d263
moo_operator,ebb0869b-7c8c-3601-baaa-debd16f2106e
giga_nigaa,c6d86cae-bc6b-3df9-b1a7-2f6fd4e5a049
matt______,51d69730-58d3-3464-b475-cd05c0a7c296
69696969,178566b4-01ac-325f-adba-00ef9f4bce26
depreshun,f94f92f4-eb75-3fd0-8820-f827dd0ead6e
monkey_man______,2a9fe5bd-6627-3585-befb-a3eb5c39bd44
your_mom_is_cute,f17efa77-433d-3a92-82e3-b35e354e6b32
ds_,a916ad57-5fe7-3cda-874f-8e6220b473d8
dream,e6135a83-d680-39d6-b4be-65a3d8bb97ad
joop12,ee9a5ce6-ee0f-3a64-b796-8e63bf529f83
iknowitsyoujoopy,8d7fc844-598c-3f5d-bd02-da7fcaebc500
kkaramel,6d4ddde6-7cc4-3b71-9a47-7aa129d6038e
kevin992,3c0b455a-4050-3ccd-8876-ea5b85095e69
joopy12,d28a7d1a-1192-3a85-98b6-c72c147f19ae
joopy1233,51f115ae-f86a-3e53-a3f1-34bff799fba7
cocksucker3000,a3ac3df0-3709-3f71-9ae4-3e9243815851
zzillamonkey,36648ba1-72d5-3f9b-b49b-b6cb3753f96f
azpen_trees,92930eb3-c662-360a-abd4-b5ccf1fe3340
michael3,6dd14f1f-85fa-3982-8338-87bdae4ed760
phatass,49b07baf-4462-37a5-89a1-489bb4bdfb9e
bruh,2c5ff0b3-c5b5-340f-8d81-860f9c5fca54
matt___,1e514b82-cbae-3c41-a308-36b1c8a5e2ee
weather_i_guess,65454bab-203b-38b6-aae2-2c2f9708ce54
michael2,7903797a-b97d-38b3-854a-c7c38777b507
azpen,5417f489-c121-303c-864a-dd565b800d9b
01_boyfriend_02,760338b4-b821-376e-b2f7-d70c1a760491
aiden_james_111,36a4f0fc-9df5-3549-b4e7-a6ed1b8e86da
mooisbullyingme,b910d224-cd0f-301f-9cb1-10b024d200d4
12345678wertghcn,219513c0-9ce4-303e-af08-135011d19a7d
mjon150fps,f6abc857-02a3-387a-8995-59f8d6e791a2
zamadra,f6775dbb-7448-3b0c-a8f7-1963b60efa90
baked_bean3773,0e4538bb-0fe7-3fb8-865a-38d1f9dd66d3
joop,326fd33d-a81a-3cbd-b065-35362dc069ab
real_dream,65f22757-3abd-35f6-8cc8-a1484807714b
9__,815fa79a-0a4e-3b3e-8df4-71de94260c38
darkknighta____,5443119e-acc7-36c0-8bfd-854dd5d69357
6969,193cba79-44b5-34c1-bfdf-21f4887b2af9
9696,c30e3e02-6950-3129-a6dc-641ccff252d6
unv3rifiev,2e055838-0176-3cd8-800a-6428a5c6faf2
fnifsnfjsnif,05b83ef2-0918-3951-af5a-68a4015f9d2a
yes,ea922ad6-ec0a-3f6a-b7ae-0a1b23a7304a
urmom,33193974-24a5-33ce-83af-ac0de5649896
zzilla_money,22765f40-39a2-368a-83f4-27df136d45f1
theendofallniger,b43d7894-6d47-301f-8dce-8935655c84d2
theendofallnige,79ee915f-2f2d-359d-befb-94324a58cdf5
bigsir,553c1577-6bc1-3fac-97d9-b867edd83fb7
michael,6d787213-dd8e-38b7-b52b-8c04638f4bab
herobrinef,2ce3b667-f543-3549-9a68-58969b678604
01000100_0100010,657c3c53-5921-38ab-8ee9-3ad2c4a1dfe1
herobrineg,dc79df5a-aa5d-3e65-8a36-a34d88f7b2e8
i_hate_monkeys,c91e8a6c-8098-3d45-9e18-50f650fb912f
theendofeven,7e729d4f-e6b2-3376-bb77-e12e46a1cc4a
dripz__,daeb9a4b-3d4a-3696-ba65-315ca62caa4a
moo2,433ab2a4-3c70-3852-ba07-a2b46eb972ae
herobrine,25966168-dc9c-360c-8f32-ed022bfa1070
funky,598e4315-8903-37cf-83b2-2e37b7d5816e
notidk,74a28553-af65-3cdf-a420-1c69c60dc015
nicker,12b3a1f7-8f44-3004-886a-ed0facf906ea
unverfied,334a207d-225c-3123-932c-facc94b9f760
mosh_,22d8285c-c8cb-39d2-a390-09383960fe16
guessimwether,fb2cdec8-692f-3bd0-af5b-e8d0eec08a61
nigene,d57ca7e1-1c55-3763-acb9-5c7e57303537
slave_owner,b917c0ed-86d4-361d-be18-8d2a15495247
usdahfou,ff6406c2-5653-3e8e-a147-2c392552a463
user,d9339978-2cae-306d-8225-4c6cc63aea77
monkey_fucker69d,90c64681-e0d9-3d27-8526-b3f4cbcf1264
